# Matteo Pinna, Leonardo Caridi, Marco Sanna
# ACD-TEAM
# ML-CUP23 v2
# 20/01/2023
1,7.967352978611803,-36.00648249043873,21.014938999139495
2,-9.26098182860822,19.831366948668247,6.139274990638418
3,14.779284009777673,3.334823674282106,19.70042611677039
4,-46.52101946454924,13.664322964670603,17.883340681135554
5,8.204964117556376,-45.839063208835185,14.824525627193697
6,-51.43461196060635,7.088249456881684,11.623240880861818
7,18.617749925436488,-47.64464602713987,2.7196603247564806
8,6.834483012416474,15.765577029990368,31.84870135393014
9,-0.52987967431012,-59.993862530831066,34.2042597995516
10,4.222045766133551,-4.377545954729015,20.54119516017767
11,8.029051137247126,12.758684962977895,25.76641709603206
12,10.668895521665508,19.90988393376776,0.9609614994873592
13,-10.168209218961845,6.247216418684076,5.943900034658482
14,2.0000441745625217,-59.18046797135072,27.82901079358586
15,-15.853592792305658,-49.71184598099896,3.6834085343499847
16,-58.2006497430075,5.632933423998281,11.37386338084626
17,-11.290724829992808,-62.60933437391729,22.348640046839172
18,-37.763701961688085,-0.2147051443845669,5.527612653070625
19,-9.370065185316133,11.686454894318587,12.59252179369749
20,7.11818908176652,5.7556422809920065,19.413957997392576
21,-0.6329433236911193,-75.00168587226251,15.47103083654208
22,-66.11624955335638,-3.155122968886772,4.650643097175555
23,-56.57387422872415,-20.710150391173258,4.39207404585088
24,13.350314288371539,-16.74124638014483,14.629839489595083
25,-14.169659080055379,9.904231392437609,12.2785725588461
26,-12.646282125787632,5.413858500072777,5.682157103873301
27,-64.93607864050396,0.6722837404239073,23.76580476170495
28,5.03743968017837,11.060666025826762,25.72401067681242
29,-26.161658528694186,16.02862363404195,5.685999079615494
30,-2.100242778911035,-73.57931840783003,9.498686122913533
31,0.25161753752086113,-65.6542819964774,34.29901454446764
32,1.3920991864078651,11.007862141980155,6.366749991995642
33,-32.253446789925874,-43.0666595465493,10.243073187163532
34,3.094471314983867,-31.29788601791195,2.31138821654295
35,-24.256259989693756,-46.41885664756843,3.8952129144298624
36,10.598393824100715,-8.482684543376777,33.16085794199235
37,8.84061264957366,9.01143356568683,26.351118847587976
38,-30.97910653569154,-44.14867294701952,3.826894586204533
39,-0.7068106415415905,5.070679411017309,6.0747568647323895
40,-37.95301194752692,8.326183726585711,11.801543313657342
41,10.17824411753394,-60.49479426710356,21.710496612108226
42,3.416384895070639,13.858433838360199,6.461471983600777
43,-72.72604963386168,3.7963361263940953,23.829428803744477
44,-2.5844713642239405,-35.621507631517616,27.485646133508798
45,14.885940979356082,-26.277769911341025,27.19166260604826
46,-34.753476726133144,9.642218648848825,11.806587960957575
47,3.7784112507788628,-24.779494106676637,14.681685478275798
48,13.124960929078231,6.201375714579697,6.776610385444071
49,3.3348358120462827,-1.0683174528267614,20.141860352181034
50,-15.49513699159969,-57.66908737138118,15.991319438285283
51,7.133395108433735,10.901332603596288,20.058813624681097
52,-1.888384296613804,-71.38256831479636,15.72467851088695
53,-35.850572191113756,20.11332250055787,24.439413918753942
54,-58.83475279578907,9.403739828081726,17.828687979297374
55,-58.91210364593225,2.1210017507791576,4.808863330920429
56,9.02948422403826,-28.315414593574857,2.0856134714949377
57,10.466890199137158,1.1074338494919829,1.5783595715434462
58,17.23310020948016,9.71875059701388,0.6975169171236537
59,7.963468294436002,-2.060840337485402,31.47433722457199
60,18.138665435924697,5.486306958055465,7.848939645333033
61,6.784185957275287,-67.99967205817269,15.535007000731042
62,7.796572867105471,5.851954956168569,0.9659430982915271
63,6.879281455907364,13.407608313233382,0.956369577303148
64,-33.10973612823584,8.467728178207977,11.979444863719333
65,-7.426675162704139,0.29131213249337407,18.50161458341849
66,-68.25817323608477,-9.614657288632543,29.70783346008416
67,-64.73861326522955,-10.839320058682276,17.127654820828386
68,10.748119266783778,-51.9042732428921,34.22226732953649
69,-58.47128247573853,-11.94681578132598,23.169617238496663
70,4.571542383145431,-2.246362847122498,7.828930532003335
71,11.811511612663953,-5.202459091353219,20.009372732860648
72,2.491751091160257,-37.627294239072384,27.66738293990177
73,-8.277926015170788,13.372579859553966,5.969659521726186
74,-31.84084553684455,-37.7971317173717,10.071794215803891
75,12.558789067833647,-11.840055852278383,2.0395453482529753
76,-53.42557696017106,-21.112202893097233,10.558101469397428
77,3.5204925345123748,7.610769572486916,13.682244648986568
78,-12.916890911789022,8.459156205323197,18.38966461349254
79,5.892556852618174,7.26743849331649,31.606575532186405
80,-27.322480189920366,8.093327638749372,24.348268507954135
81,10.955423497861222,5.7072947541632715,0.6975080275301906
82,-15.87458914502049,-54.9761475426335,22.431210745398403
83,-26.60291688565348,-40.98565658370016,10.125190210626544
84,-37.964722726319536,-36.27585477267591,16.590772642818006
85,-66.17464081840994,5.063680792783941,30.16348516496158
86,4.923915581511853,-1.1516664746769862,7.794718033406057
87,-46.17643399430489,-21.64864523318782,10.576127321913981
88,14.07046888899966,-7.991451704008611,1.808908837721484
89,6.086639266896629,-15.922551860389078,8.492507472804466
90,-49.240578353538595,5.573569670589833,5.236817379184798
91,8.452590003046982,8.58591415410946,1.4705432250217925
92,-1.058732944657077,4.3822273267002885,32.27882012562594
93,15.396390578579616,5.149303211418356,1.2736518424990884
94,-57.236087909666495,-18.055703781189592,4.189898422010415
95,6.831659510089441,9.70541168282412,13.141132425552556
96,-25.18566960208639,-58.706349452491324,22.544090124619864
97,-9.43168572397131,-62.06789560200089,28.561652295305805
98,13.056214088053611,6.313467640362319,1.1695500373703318
99,-19.98916474872969,-54.537178517658944,28.83791641851823
100,-32.62026215237249,11.543959166244434,5.781425360525489
101,-8.665028276453068,5.091058696493249,6.258000942807842
102,3.2312580361198577,-70.63612680007584,15.762637231140493
103,-24.228166899367775,-55.033136954526086,16.16776206224389
104,9.92585834343426,-22.825185287468187,33.294707027712434
105,11.668713202471128,13.735056275013577,12.953641551335142
106,11.82607055663819,-4.533490683957851,20.247531583542177
107,-0.07325791835868856,5.851227448155171,20.490116451132742
108,-31.28565311248904,3.1340691653377633,18.071596482183853
109,-21.641275725859526,-60.629139346328614,28.590551633377714
110,-37.811767279870665,-36.54220824478479,3.8203957918718334
111,-70.40403825284069,-3.090369328333665,4.862221843385971
112,15.69815001635762,5.996259679828924,20.641038099006675
113,-7.749370917301274,11.250896553570541,18.730977815221053
114,-15.38961804289384,3.595591306102648,24.76746578030035
115,1.5653287288416387,11.714779377666801,19.266362982207504
116,-48.17408372198729,-41.16197931970419,29.10255923580909
117,-20.01106179973848,-50.577903124567285,16.20544570679786
118,-2.5440695342888766,2.7541312557393525,31.20223456467042
119,-37.85765101872413,-40.3427310918117,29.057649983869997
120,5.562076713076909,-74.94946251862292,28.233589247078974
121,-10.527076329909203,-55.81454850039604,34.990560937206666
122,6.674113823317402,-20.258893060818778,27.063097347128803
123,-26.755971116393408,6.139836677094763,11.89156435322861
124,13.012782876310286,-4.59739688415884,20.19948255005701
125,1.4987105271514771,-65.78612932367014,2.953504954847892
126,-70.54842426289095,-0.0001569625504060923,4.8354515500562005
127,4.514096701164323,-4.622863679448855,7.988934414934739
128,-18.396663019416035,4.0861946846237345,18.425823495204035
129,8.661582198140838,-40.98247763085989,27.581576492535035
130,-53.49411249395557,-27.995345289885577,10.447636991339355
131,24.143833674806064,-30.595669612581773,33.54159399291523
132,-72.0540072407788,-5.5202681767438975,29.58256803601741
133,-28.782323475786765,-48.50045011260261,10.011139927240997
134,9.04027697849519,10.19047033770238,32.55136721001517
135,8.463692963659714,-0.4057405593853929,31.906146716762308
136,-6.793226610794459,8.976715850052088,0.03691305491931196
137,11.685122025778984,-57.90208235169532,2.5019692950572026
138,14.131969757857082,7.254515928225715,1.4464656682211459
139,0.6186847629788481,12.401785137152757,25.438152077611804
140,3.4918716579975815,-71.43369050971246,34.67839634989081
141,-14.837531345843939,10.121322990841406,24.94393225937015
142,-11.085626067270521,4.709731446681829,6.030657774876303
143,-21.8018439133378,6.5113763834938965,30.8349064044829
144,12.159730580626633,-47.41368047017325,27.7268612579724
145,13.22089429849014,0.5241688559920163,18.91177136545815
146,6.389651174865623,4.572063589307831,0.7419182881502007
147,7.066169712519997,6.738369023631833,0.9318915166301416
148,10.508483311062509,-4.1362569546674735,1.8539515393046369
149,-3.5062318713717495,1.1339002049826803,25.15728343833254
150,-3.3083935317423077,-76.39014214437408,28.214079468958722
151,7.6817905660267805,-71.49912633370546,3.141986417835623
152,-58.87147032831429,-16.42624549905014,4.252897799735962
153,9.106310674906258,13.93397062407007,31.517001939449806
154,-4.485639172064136,-71.38886511975876,3.2429247032848227
155,3.0284352330551094,-71.04634634746272,34.60462954789452
156,-45.36477487310984,-23.372702228331732,10.407694110376035
157,12.34502127704464,-8.669491866856632,14.405251667777115
158,10.081686937708884,13.647178429098787,13.120443305513547
159,13.557761751665414,3.1710108073659455,1.0793634208926157
160,-60.21405855524333,-14.797926259802296,10.449682702735505
161,-12.63973350414464,6.051990577926361,12.331101800887165
162,10.17557446237841,-2.352625281696234,14.093563858777369
163,-15.111272362122417,-54.969631449373296,22.470944183208132
164,-5.574321438372959,-69.87785531712571,34.64815244652643
165,16.50485248440852,-4.934045701299667,26.90548345702293
166,1.1344933431120303,-58.825062464618114,9.095348839092992
167,2.8600166303412102,13.214995087069411,31.49405560485605
168,11.315832067253371,-51.78418770266542,14.99752418397043
169,-13.285064794061935,10.208726893242655,12.14166145114747
170,-54.301630730472155,-17.152703058542627,16.77653231520838
171,-24.18221774219813,-50.145383154656145,22.440994636905515
172,2.2293025089625083,-73.42630461656732,9.598806217430658
173,9.051641720385607,5.404015161463889,32.66745054021358
174,7.778312672616412,-41.97703552970796,2.359329171964747
175,-61.468792155428545,-16.90734636351145,10.603500262382328
176,-60.63623667870151,-11.37394314462891,23.293157010202634
177,2.269552377210932,11.372712689584475,19.955893229123777
178,7.709312700314133,-2.655951194547825,14.34685525946246
179,-52.63706708700991,-25.902691400537165,10.35874385894857
180,10.62451609831557,-18.17352745574003,33.50657195318089
181,-63.54942648255057,3.1139337337368005,30.270737708158762
182,9.006030828658215,0.22752255347721473,19.209281359380082
183,5.925665796648634,17.650609619557727,18.864458438228112
184,-75.10739445495311,-0.7116133804033922,11.076286278843224
185,7.342462126877837,15.311219417960857,13.503969954394949
186,10.447038898671895,-46.94901437684793,8.683617025174943
187,-15.245352875480062,10.47256992975261,5.949670967144318
188,-72.52506551135382,-3.460822830981371,4.7340941744904015
189,6.709629418259244,10.897150517179924,19.25656470416825
190,-9.164986329493399,-64.34045387231325,9.78244024770807
191,-43.63056469579722,9.05266069323875,24.098669868310672
192,-6.710190944394338,10.638474660716327,5.87418616425003
193,5.075285823053338,1.8023420477804422,20.08506070116087
194,2.1871163088952876,-1.9381750383960394,20.17841149393883
195,9.328054534371422,-29.98544009733949,8.549836715935623
196,-56.77449329595831,-20.3582112627807,16.879731767605957
197,7.415274448151724,14.75851386534407,19.377006294679422
198,12.73001611005039,12.422832844677203,19.12275426021484
199,-9.652871599600257,-67.52982696296432,34.63348789303204
200,-6.819189089743286,20.114253335787893,31.44139133115921
201,2.6727712203630354,6.183743492009398,26.07436668471617
202,10.975146698205169,1.662413475567618,7.392842057350243
203,13.267822838363845,-18.675986559281156,1.6580932021158183
204,4.8940925968914435,10.129886622659896,13.95839264180837
205,-8.98164817258849,-48.988515852565754,16.13753168949937
206,-17.961128206302288,15.467164281875867,18.344146600930113
207,7.45443078888464,4.953599720288864,13.383425761335491
208,-20.31969772963951,-44.74444635112057,16.371240391058265
209,-54.49932245160183,-1.4506376666592757,5.299368195442785
210,-6.170501324611433,-63.056781833181994,3.3068448237287456
211,-65.47512788373906,-0.6804274077112211,29.651381451959985
212,12.847529097500928,-25.60035868873082,8.336684672589287
213,-60.6790713651087,-12.346739445504156,4.424516091246442
214,18.765510302646096,-11.098572872445331,1.885305211794364
215,8.093728252372063,5.199680210036078,7.647196676692445
216,-5.781233514930175,2.8745949753971587,24.672180718171933
217,3.6611097469188003,18.80116882886628,31.682924771154482
218,4.172085852278531,-69.45822423292778,21.802139798220868
219,-20.00312080755445,13.65303302860434,18.188757080612717
220,6.44274015409157,-0.9254473608442453,32.03272451706936
221,8.22128942785044,12.709846735850661,13.065971374227628
222,-45.017813459961204,12.087506744912162,30.56622069454486
223,-5.096419863580035,-69.26826436893818,21.828189554006478
224,2.7361750777556217,6.408708586700982,25.79598095936652
225,13.553002845383634,-5.408095581893164,26.890133583152554
226,-34.07527313523481,-44.612554193009075,28.949770521645732
227,15.315847628640615,8.240878424094277,25.846062893003445
228,11.20005534795651,10.822047347091441,0.42787116977418016
229,-22.32682546390924,-58.386011235745386,3.556589753472382
230,5.778902427774529,-57.39540968118571,15.408291374769288
231,-19.068884651009665,-66.76171958933088,16.14938863749195
232,8.929562841341482,4.365775005545018,12.724611022509151
233,-67.32669572875947,0.8394927854798624,11.294773968148206
234,-52.46581475306779,-26.850864141391526,16.673204662691628
235,14.609422622310507,-11.341947369787803,14.489692984873809
236,9.93743800653461,-15.46084360667318,27.252402892348993
237,1.373186180552029,11.069144378821889,31.819245726056117
238,8.635434721385952,-54.18226893182283,21.542736640578333
239,-43.669756463803154,14.890656102220149,24.203301980041186
240,-19.629618931979774,10.482683380288023,12.101078773307108
241,11.678730033258962,9.965011461479165,0.45459911795822094
242,7.686052883180043,2.360135895396482,1.2854241831897841
243,11.787508462083697,9.819969430580187,32.02770861301675
244,10.907654889187075,-70.40939436321106,28.156907232709287
245,-41.58452699407955,10.107074293016566,24.46291978571668
246,-62.158868834580474,4.504998008068057,17.73530237138828
247,3.119820787498572,6.813393759543956,12.788679123016278
248,-35.69339702385905,15.611818780091369,18.207325840685222
249,13.613982039011791,-36.47886345482006,21.268271857593795
250,6.856336993969098,-50.829409145139735,14.985493339692072
251,6.0162478772252435,5.0349119263041615,25.717341861261215
252,-11.717147754295336,-63.89973327408718,34.93943343022009
253,-10.256923239176142,9.30012321592946,18.59359028234304
254,-19.869626967848657,-55.66075813401791,16.303952639268577
255,3.1243825076199307,-36.054545661979205,2.269953497639678
256,16.2636380531893,-18.021502420643188,33.54525812960037
257,-36.95397803498234,11.21796635833185,30.645193273493078
258,10.94017307461134,12.56237438268991,31.793018088721908
259,15.37790581545524,-25.22488507158276,27.396353092665088
260,-6.5384971212084615,6.930936878701559,31.435901449374647
261,-9.355180899717407,-64.53637406965653,34.92517597094112
262,-41.34420956584047,-41.878779717167504,16.565609171753874
263,7.329168529693863,-12.541792516507897,26.88991560275081
264,-16.473603564195752,-51.62274841999972,28.90622942958893
265,1.1875774066303002,-41.4621216724632,21.32325691464449
266,-63.6265678398381,-11.64962028009569,29.52842739664989
267,7.404662280082523,5.729161186965953,14.259993081151773
268,-35.15669303028287,-45.131617801398775,16.279266912992153
269,6.3071098742736815,-64.05317161138801,15.643277136212324
270,-50.02575496734903,-14.382307287556955,4.335446943514931
271,6.267130410172928,10.482799656204236,26.179567281494215
272,5.437349307525967,12.204063397404397,7.535510348887615
273,-5.707013642013276,-82.31754042319683,22.05997199204642
274,-28.817674978961445,5.487984883234958,24.492050986165648
275,9.559484499407564,-47.2460768720306,15.054234331992555
276,4.482420081990586,-41.03535103090145,27.463200769314213
277,5.207663503746534,6.031700161624229,32.635791920649865
278,5.068862965255523,8.643231266786003,25.66115226934949
279,7.985056052973068,12.049733308726715,31.798489987706382
280,-15.888645152890302,-55.962906077276216,22.343296797815967
281,11.387577514682352,3.322178374928413,0.8931677250671228
282,-32.07873660776265,12.48603030062418,18.054539121598854
283,-63.04758055262464,2.3530759073660903,11.299123193672271
284,1.2722953266933992,12.68754241122798,32.708847099333255
285,-21.708094561327453,-58.45591314502174,28.659144786549547
286,4.277989367503512,0.5007837862974185,6.5687496436427395
287,20.346048319179562,-17.875058398046733,8.255367114481928
288,11.595499084260116,8.567922750395923,7.1110647824768005
289,8.018772845646001,-65.91150046673694,2.9711215719685544
290,9.046860142560906,4.546601248539488,8.140476813174104
291,-63.25580818601388,-11.451190687189907,10.679927152790775
292,-26.279294343228838,6.069180318684346,24.692102576366256
293,-21.61411882696164,-56.457068334201,22.649827109483027
294,4.077834280893615,-65.0331126485287,27.962225663069724
295,13.20479290179107,-5.962095204445987,20.578128469741824
296,-11.106882525692637,-69.86880617615917,15.971544815887238
297,12.429712104151765,-28.119125158562426,21.232295249356667
298,-21.348118686447858,-67.52067476396526,3.6178554174440265
299,10.257369014568173,-44.228174915874504,27.599631799632277
300,3.569948253631555,7.884088199702447,31.99045253342244
301,14.678015763763785,10.402046019445592,26.2364125520174
302,-22.31383651893078,2.388973797451868,30.98247624464782
303,-43.82298681071178,-20.808278205263647,22.8641278965621
304,-1.998170402983117,15.168293744163904,0.3041656019959884
305,14.783681726900074,8.832231455384928,19.722990388796337
306,17.977075516180737,4.130562791140434,13.806771865573188
307,-63.74619367267245,-2.8648086148794647,16.94519745600021
308,15.59990962939607,8.408672227953375,6.981989392582536
309,-53.69908824322563,-24.421688188575303,10.533503849569302
310,-69.82546621603778,-2.1370275082538654,23.295971485589526
311,4.063030975828003,6.174816268229009,25.420939319297908
312,-33.15183121310234,-43.9302400010819,16.406891839317115
313,1.0145451229799,11.687004074996182,-0.041515630565269745
314,-78.26189393485502,3.4661669953971312,4.880101186260566
315,-20.962580975068743,-50.366661284258996,22.61460481491411
316,-42.058958773577686,-31.348293364539842,4.1287739290869805
317,14.190064532208925,-38.67122752729473,27.229333564548632
318,7.660901800186952,-17.820834168772606,1.8482548736786768
319,4.37756272191935,-26.267448585160324,33.805537853987786
320,9.332356607078982,-23.054261594050857,20.922850685706386
321,11.925220674693737,1.6703064978418496,32.93360136488525
322,-51.52460649165273,13.360461990997862,11.439827650970557
323,-3.104143109091222,-0.4106692452523788,6.251043889596694
324,6.8064011802085425,8.017003434780577,7.089912649668197
325,-4.398249982609837,-65.63015877924063,22.23488504668404
326,8.00855924926994,-2.9226577517297443,13.937305762356118
327,7.179209309702703,-16.324568019923205,1.9768065598388986
328,0.7762488833626726,-55.652734597499844,34.10852656431116
329,-15.619939746665846,5.002459339821215,24.72716628875092
330,15.592540480755549,15.493470884533693,25.800854214714228
331,-4.467214340220604,-69.61747501592636,3.0246518678011505
332,-6.539702236496321,10.33695997492822,6.082390091319661
333,10.169348387768668,-60.442106225251635,21.599204541639182
334,10.491407288319483,-3.1056474292869183,33.04324626885464
335,1.4332955534392973,8.789257306982407,32.230344261875636
336,-33.807372668502126,-48.2982601009584,16.402366911383638
337,-24.132148960053794,-47.180748790800166,22.51722350573875
338,-31.055379617838792,12.703126974528558,5.83733382820717
339,7.984953391423733,-52.31029502301881,21.488975715704665
340,1.5651128444823037,-44.44157374800973,27.39324577958037
341,7.277255354248457,5.300632907764239,0.9429937714234491
342,7.445213242302163,-64.85524366967077,9.473627012747242
343,11.878159463653635,-4.364030823042455,7.6927155263478335
344,-6.671828003656042,0.08972450574141533,24.87652929748686
345,-10.779557136681586,6.999647674789969,12.272828217993819
346,12.014303648485356,0.29946023086675666,1.700097875294146
347,-69.76987290974184,0.7006973668598562,17.332042258836953
348,-7.672796107048196,-65.61853102133445,22.124452363991757
349,-71.04835188702587,6.594860088233901,4.74610838862915
350,10.404141908560366,2.1241670537910693,33.14417737224331
351,3.541984790220983,-64.95567575998037,21.734300095185354
352,7.51874595940102,-44.47902648998634,14.97848588193919
353,-39.021175952266944,-38.428665519329286,3.8654434307023937
354,0.7539864145843644,-61.4174527045018,28.03614117862684
355,-38.085957875319295,-23.55464964488168,22.869677902625973
356,0.399959395042476,8.175135957118655,19.960324053396853
357,-25.969848158747123,2.7618637402154462,5.642528966869154
358,-4.705027589705576,-71.43822790792008,3.1641046325696642
359,4.553009071528056,8.975413882086414,7.304890176455075
360,-0.0762646325587859,-65.0422208481071,15.718214371431419
361,-1.7410758030655806,-73.58798528420131,3.2391954239504663
362,-22.34090215518766,10.783738314731139,12.038013603423819
363,-4.958359675100592,-67.35938630743648,34.430275938362605
364,9.500871525745612,3.238916630250273,0.9656584676011271
365,5.56852259260636,-67.18559413558411,21.53055749907985
366,6.226740189580671,1.4346192961135387,1.2721312843729802
367,6.688795429725719,-19.43876749704704,20.793516730594746
368,-61.859090970241866,7.26525285417091,17.55673760134693
369,11.006406046314641,-56.77653214632279,8.782321048317044
370,-68.69365006472275,-8.198912852821834,4.403757520732642
371,-36.69224030911202,-42.497531357867004,28.967335649398304
372,-3.5829724316662173,-69.56627930695585,9.560352600632202
373,-1.9251593532901374,-26.756998930179222,20.901083786613913
374,-67.50419238548479,8.092843996288408,10.941480349798487
375,-56.97784967686441,-21.231902652665084,16.739963284318247
376,11.754918227401806,9.130998004440329,32.239692889412666
377,-27.401813814582408,-33.34050335216371,10.091830226225518
378,-31.05131242091009,10.258017685716638,18.1538313366224
379,2.3498671991813644,7.8491835388667965,1.1177458502425246
380,-61.73993593217482,-18.60419938250331,4.318789303817633
381,-59.83790259938122,0.593293135966448,30.273478198835733
382,3.0153402664127107,12.29749408742994,25.82500317710982
383,11.26020862210233,-24.413293043379255,27.23853775931113
384,14.73358516644267,1.791397725627931,7.308627922277466
385,-17.125432396125046,6.8299905342258285,24.959149656464014
386,19.56389480168288,5.793167757597018,32.35758653074685
387,-78.76483816347333,-8.164889194013782,4.535015769381692
388,-13.597124369476273,-54.14263901004219,3.673244679953326
389,7.482014988961243,15.46252152542597,19.085207851921364
390,19.736679530310727,8.023715487994451,1.1637987850047118
391,11.81577937739998,4.422301964784253,32.855540963302346
392,-17.017691432242753,5.757258163943291,6.0276080312328375
393,2.509776713746948,13.466043785383363,25.421343923743606
394,-21.840354712697586,12.250376926724414,18.39718208454233
395,6.98235134589034,10.709984841635148,12.923742144055304
396,-21.141943654916798,-58.844701057791056,34.797655708994775
397,-64.9892534381275,15.053511730671275,17.51280642666876
398,17.907478560624515,14.974092266911498,19.479259283515592
399,-47.18689548664982,-27.142483600087957,10.36730246468198
400,-71.70248510872533,5.0130415211116315,30.00012306876952
401,-48.725980289653464,13.327257092292527,30.41235718457082
402,-58.02386935496706,-25.221774161093307,29.192946268313307
403,10.087652014655891,-1.6406218821166902,1.25500352183502
404,10.13065026640935,-37.569123889561254,33.74087257474591
405,9.972452218207383,4.129034619341709,19.96964111093849
406,10.894154719994066,-13.92524830981678,8.395181197692805
407,-26.82145686234848,10.704908113961636,18.224611206776093
408,12.728668387949785,-0.8804484787492726,1.3003943559532356
409,4.744300231059203,4.076123101695444,20.079538724708165
410,-17.687052342346487,-58.77070832842169,9.91082087023706
411,-72.10530561347782,-0.05184633533291105,17.2632951756532
412,-3.6183368996016547,-74.90478947901948,3.317352781893092
413,0.5931830222095478,7.516358249563908,13.495341577969391
414,10.027710856470282,14.55846402655476,0.5687134261025317
415,6.524855981845196,-12.553196635758198,8.362441671388684
416,-7.087185555855722,6.077283422227779,24.880216279362998
417,4.786800023426242,-23.914085696662553,33.57469186007905
418,-7.501526652114318,-70.99150979372111,34.849656329405754
419,-70.14870972386764,-8.937334900385295,29.667884550003222
420,2.0134424271016833,15.612682574932848,12.686001523850953
421,14.617771951086429,-38.946982472054444,2.3489831513953146
422,-59.435798871963854,-5.59422859312518,23.297423557378828
423,-5.057634633516539,13.448835880541111,1.6881742895807523
424,15.062981778431737,-6.5179874240348425,13.776007703307966
425,-53.18360635876367,9.250667144938788,17.901484216707484
426,-15.648598542658004,13.62241080708452,5.940206573667499
427,-26.298731134175323,6.071246377911322,11.888727222176659
428,10.122439057820817,-49.56818086869107,15.04493838192071
429,9.716132264156006,10.885923056441356,0.6916873047562895
430,-34.66356325305718,8.118735898100468,17.87061089444634
431,-19.830201165025226,5.993589809593459,5.652697368976277
432,-1.410012017703007,-18.019007126461872,14.641412223467631
433,11.789215735101,-3.51363550940944,26.89128968822773
434,-65.02419055167393,-3.4165296015411855,23.750228122016246
435,18.13907570175225,5.412262885356327,1.2180658811937999
436,4.130909073308164,-5.495889098281708,20.46476083589376
437,5.015565455819189,10.23343124865633,31.78392908773781
438,7.170024112149083,6.759272096538794,20.00026684718419
439,-0.04971763453407263,-63.38648147243755,15.757103382130664
440,-42.6014851011994,-36.628995722706804,10.201104984362335
441,-53.76203458059767,-20.8713830174094,23.124169404155776
442,-11.018942329236022,9.844501295680246,18.91978274392761
443,-8.645728438564543,8.374365091874907,24.685845957026984
444,-52.49930727019613,-16.64510412126097,10.464186010983921
445,-24.466791319810508,-44.76215097055358,3.838745744286493
446,-57.48155202718128,13.982882665626974,24.240773011608415
447,-58.833431967173,-18.98747334167676,4.312556855911936
448,-72.21467123479202,-17.19606240701313,29.701661480190914
449,1.9717398057736268,-10.40956810957691,1.7425676560540442
450,-6.193610014087806,17.59482999099825,6.061715015952105
451,-4.441452233656872,-67.24092256123693,15.690266048046484
452,16.392691062298713,-67.59890946978653,21.71063078842026
453,5.652271169029024,23.07004778800038,6.515918412716513
454,4.001459832840528,-9.328675183296255,1.747022124141644
455,-30.62632064611709,-27.908412089017347,22.664793061724268
456,-2.167296522672256,-68.14611320945501,34.50295296714638
457,-46.50755957477581,-18.157129415024954,29.306664955461464
458,-55.82150590942659,7.447185663292657,24.182101681249215
459,-41.021990788009234,-29.93053462666994,29.08038099525517
460,-41.53748399233051,-38.58492314205871,4.022892925775597
461,10.701106951239428,15.963901517543974,7.021190748602287
462,8.338696140841495,17.61147047284372,31.60226979167659
463,-51.593626301648,5.785447399441011,5.267955242349352
464,-73.53862963850953,-7.727263881665181,29.69467850451042
465,7.534997386034451,-28.76712693855039,20.94403582328485
466,12.854667087324646,3.8316589365258977,1.1201186843221276
467,-18.372144828170843,13.231645845912098,5.716945867193404
468,13.146850151334167,-6.508583621207876,33.16576654322675
469,11.461495531177764,-66.13580835657864,9.092045249884924
470,15.838964929581454,4.895126969174086,20.110303531468595
471,10.35050926079278,-2.8561660736675236,14.163571522271809
472,-27.2363521412079,-47.26938859323478,10.025720520956787
473,-77.80139450193714,2.231287481000791,17.395404965313006
474,4.952841119339002,10.896287812624749,7.065593507783495
475,3.054973117823767,18.363686204124363,6.533791281860024
476,17.063487596238776,10.895622101995215,19.68026792653592
477,6.5945850152233625,7.350115449095767,31.86628737713962
478,-2.7622740817348976,9.408913253834555,25.26701155075326
479,-8.390692073257053,7.71517008878908,18.577045491386652
480,11.410458115867602,3.5720904087828416,1.4566499548195715
481,9.599126934030966,-3.01463532883146,7.861547677427208
482,6.64707568438094,-35.55396047187371,8.689379920717503
483,-47.12614891863224,17.075534170079166,5.5451251495592935
484,9.00961442153282,-41.781568033625504,8.803258472654747
485,12.222615396010685,7.653157905105147,32.419859401332914
486,2.2220870093875256,-16.281820657646975,27.20762319962659
487,2.932640296923342,-73.18091942061189,34.726938377853045
488,-53.51278682086313,-25.486675824653005,23.097944401841673
489,1.9753140283879311,12.86556286545381,1.0819472816798346
490,-14.940009071553614,-52.246984906798545,9.782876200895927
491,-18.392418782917712,5.496733202114854,6.091919452834215
492,-7.765023283042108,13.161545207586755,18.408269571654806
493,-43.9978050601765,4.368263326410506,5.282035597594808
494,-68.64592228105398,-4.140983461729945,23.305076386087677
495,8.373460956139997,-22.9264334485146,21.00556952482738
496,2.5269598831110507,12.419279669124506,0.1820088887014144
497,-14.568561830383526,7.14719014481733,24.606828508545547
498,-22.797014748740832,-57.64507399223358,28.812098985183695
499,-4.642843146976059,5.711882409332944,18.774344914906568
500,-13.207881025044042,12.746742598102543,12.208136113535259
501,1.7114458692482977,-6.872233968171557,33.23952530793633
502,12.708239677262856,11.244537688120275,19.562649196619496
503,11.545240160959981,-1.2011805758406098,7.220024673883116
504,-1.8047273005126208,17.895816108884432,25.3712212736735
505,10.101785617815171,-31.29106433743239,33.95903137041865
506,-1.2558780894195074,12.736937432064408,31.56345696953121
507,8.294878970062047,16.319292614952303,7.543338663587503
508,-12.869052663048333,-73.3881890318511,15.84947576933579
509,-6.526878078371549,14.290332575475787,6.057357738657986
510,-34.09797752834645,-50.38660723568236,3.8604699747498312
511,7.272139721591277,-47.4393521207041,15.182778977975444
512,5.83296313934996,13.997384982566317,19.133844207617255
513,-4.042353778223212,-65.55358593203796,28.547797923835688
514,6.01769585667201,12.470507984134997,1.1667309164946253
515,-13.232487991263195,-66.48088542073812,34.882774980249316
516,1.4508875471846814,-69.81102125674956,21.59366966798416
517,-66.06678638329386,10.81214540465794,23.56517195181366
518,-11.721607596733914,-60.6691479399836,15.987785402177138
519,12.886341854715358,6.28738623616438,14.01433778535379
520,2.4524375383189927,3.4807307806956516,19.051909137880607
521,14.20033506647589,6.247045665812124,31.790821858017523
522,7.23891871536053,-13.396388816535861,7.848268049144056
523,13.55399947531085,-64.79113950118209,9.21637856890979
524,0.8315735601350589,-12.90410687312631,8.32306875046664
525,2.394495335642052,4.282456763888561,12.682778819161346
526,-57.60847279678289,-18.860167036746816,10.609384436451332
527,-56.21739898206302,-23.99518552853786,16.825392124444875
528,3.0150837574214684,10.417724994459888,13.226739688573044
529,-64.52729377015443,-4.7768625180157045,23.52132963919596
530,1.8706157222399789,19.492261808944306,6.1904330638523035
531,11.076432863093391,-42.83660104554748,15.133765799122353
532,-66.9222825806966,-9.906400237977905,16.92316921648909
533,0.08238675082857938,8.255474742904568,25.692345566478856
534,9.69836028392378,-8.448669699671896,20.615492435864528
535,6.087908579384322,8.875746209948502,13.177345020523594
536,2.636076566013049,-60.867094635786216,27.83730368183641
537,7.157331844736081,-65.26313289704366,27.88498335135796
538,-75.98805171116238,-0.7589463231246327,29.690055990392754
539,2.087539713987656,-79.11696545483024,28.34864395277441
540,-32.28144947256088,-27.26035678661613,22.82309793138267
541,9.90389518455125,-3.0704705932237317,0.7410781708191205
542,6.8338179744781264,4.513151430417949,25.157698078988737
543,9.125611983883307,11.579723366565318,0.3657833117666094
544,-0.6466222289908892,18.375181952015993,12.798592308536403
545,-36.03490486299158,17.438111396972232,30.801822952245576
546,1.197018536219634,-3.8112871204540824,32.17400451793674
547,7.072932151582865,5.504755577642399,12.628706967155242
548,-11.915437831655208,-58.30863422145951,28.44062180584836
549,14.806946932399757,6.131511269824031,13.311185902399004
550,-39.7266340887348,13.625443933506261,24.427761245473015
551,-15.929597470676509,-61.53637553179068,28.594066045600428
552,7.232253615012116,-44.905911739242654,21.220518725124194
553,-7.735715697400433,20.07624435354917,18.485773142637782
554,1.5613813180183236,-77.5453047133585,15.704652007128193
555,-3.7306011468278193,6.705509465524116,18.739545734518416
556,9.825258561821745,-16.810341071014918,33.40332256091063
557,-75.99290667343404,-1.433924197891045,4.616058870820716
558,11.605166906484971,3.0003282946806706,20.360312167654357
559,-20.266862151238666,10.226277962489007,24.545819565952357
560,-18.50577273877347,18.63368495169881,31.05213728922024
561,0.1389669701581404,-68.85087323346717,21.809643885322203
562,1.7136068700637175,1.979142727584133,32.151696480919576
563,11.898341102199158,-67.8231775112667,15.433629533857733
564,-17.603440884699392,12.439732426802308,31.019912351982697
565,12.520984399474418,-3.7272519905122152,26.736377585407734
566,-33.55231494733387,14.756201904425097,30.777791512715027
567,8.318975204730481,1.7561097895171969,25.845810774069395
568,-46.95701373357822,7.292499941972395,17.976466920019874
569,15.938829225103365,-34.014338485071804,33.659672495275935
570,11.39352409387472,-39.16330756605289,14.794007769886619
571,10.729668762854846,11.63093925975069,7.383014682796089
572,6.450446873250218,18.420893143201553,25.632748419695048
573,-1.9643797121704374,12.137949889999348,6.817136689243574
574,-58.496153096566516,7.462142755437526,5.243664449215961
575,10.634550011214248,-0.7422054253622576,14.088814086438648
576,7.642822630706878,5.810571245382647,31.605630126703417
577,6.160838247121394,3.9726657261847294,7.774423225036187
578,3.717470272930843,7.520555543401969,6.7479450535974355
579,-9.812791342739086,-60.658622354639846,9.821054205555
580,7.421548451276596,5.466403936780537,19.689392545190522
581,6.30317976080504,-67.9445521456217,21.643254651141238
582,-1.5774804842867916,-54.76543805887037,21.590981106542383
583,10.053446737847668,6.0526201181315145,6.877167489221469
584,13.89128258123289,8.298486472063374,32.336581448699505
585,-9.247564477601355,-62.905164979412135,28.49382276463323
586,7.411633165657083,2.608904313629367,12.887026869745927
587,10.059603257658711,3.7625602735840147,20.457621485893277
588,8.431831197217736,1.659989435346617,6.463885040807398
589,10.969533566005357,-16.930091686522687,26.92356006336516
590,6.462820840124113,-20.5382220635894,2.216020791413415
591,7.190734322401301,-0.06377515104024667,8.297462404000544
592,12.116243608927523,-57.23998271171054,9.066169218062875
593,-16.795008233808698,-51.38485908208585,9.79709427940589
594,-10.746689647348045,-64.11964515829156,9.690299661179617
595,1.1512744795348802,-69.18918478145038,15.42217539213836
596,2.8073539095491533,11.632923952719722,25.496520797935695
597,4.814886799110656,23.440506062766985,25.324841228662677
598,12.26317019868721,10.757783076769371,32.24283232831969
599,7.2941707564698,1.4980286646239307,12.579186711799355
600,-31.478193154124465,-33.842806182470596,22.853617698277358
601,-30.935668926055524,7.9619402864473585,30.902093241805524
602,-12.02670636441665,9.300200641591644,25.10520970954695
603,9.382555608904642,3.3974254592273496,33.1266084436469
604,-3.0016453994627277,9.548351868716608,31.307948994096485
605,19.37364998218131,7.937437683950705,0.9711665302815291
606,6.038269761759555,-55.897641277427745,2.629346261278455
607,-3.9630258273503465,-64.28485599139957,2.8219207183748
608,-67.24654865033001,2.931029320141306,17.09872557869799
609,-74.03777457538185,-5.406733564255987,11.149713389618267
610,6.77355278553792,4.2490750451974435,19.111489430492888
611,-33.42351139134057,-44.56363193701536,28.931981877203853
612,8.111073124344774,-42.69385279358444,21.443293928825703
613,-65.5537941100835,-13.106248690288055,4.431606632111974
614,-8.775848781809184,-70.26084654365114,9.645839306880852
615,-22.771142827846216,16.843285773588605,12.157668562398133
616,8.371861027595845,-39.627601543265015,8.633358288554456
617,10.774161017244001,-54.40458389091067,33.92394797256181
618,5.048443623843088,5.226712337350506,31.693381535145086
619,-44.71313889478641,-23.693906501415327,29.253338972689097
620,-53.09246955964433,8.206086320662209,11.515517977139176
621,-47.451029053079,-22.706505922806898,10.365676025560258
622,-29.623853109135364,11.302152014916743,5.564428974325542
623,-12.771049731407924,-62.59411323392307,21.96100721423235
624,8.46079351495776,8.411100242515246,19.54130929501393
625,-2.0086673362270453,-74.25610439594239,28.223838239183227
626,18.577017796358167,1.8888996944424434,33.005954803438044
627,6.0318371105059505,2.194349517350915,7.546894623608696
628,2.813646393612675,16.066476716981768,31.782280818707157
629,-27.22760726985332,-43.948923191649,28.799746317615188
630,-48.51712073466443,-18.00826005813724,4.205190495873502
631,1.1964804903831698,-76.79718777151605,9.406158474433493
632,-32.7993809707727,11.53815556974854,30.724327334066352
633,6.909152231162199,16.804822727191066,25.548952910988106
634,17.315024605368553,1.025832099447726,1.5173196036421626
635,6.209810050464359,-0.3767517462178347,1.7236223154729462
636,10.545044551055145,5.1019480228644625,1.174453205281841
637,6.847995122374943,-5.770861403789283,7.881936820438577
638,-44.943000410010214,6.999341469621598,11.703913530637275
639,5.310123680627573,9.314351652108783,13.550273611420153
640,11.904726548461003,12.33001178927195,31.970602725111092
641,-5.466030865953552,-69.79220572478154,3.2354628228205335
642,3.7485786641020873,-16.467102860043113,20.813302581562702
643,-48.02965452951632,0.7459178366005261,30.358631702826784
644,-16.400709005703487,7.996006026492111,5.760492440402503
645,-40.51974608115681,-29.157380191185908,23.085624868011397
646,-1.808775671488771,-61.40388948868113,2.781960552657077
647,3.408324702926908,-71.14728356499589,3.1610958929676656
648,-0.5184798795898296,3.8741963334964282,12.295451810368412
649,2.0820845743253535,-75.14061119029556,28.036364125606912
650,8.532977247447167,-21.168648621704207,33.461458346961
651,-11.917315327706188,4.993511076967934,24.701103005953406
652,0.011192384128452915,-71.19190350593924,9.374719198721063
653,9.18784226955184,-20.082956228236654,14.610893108893904
654,18.16146850978682,9.040029935632134,7.4180808610072635
655,6.855501726822656,7.503663201517114,13.684070591095274
656,-47.90793459724152,-31.910589064488946,4.129947801262576
657,-78.63181225983946,2.3509794361265364,29.82610255435913
658,15.163163229123843,-12.641374517112055,2.0692749933548704
659,13.147799536272334,-14.436326632663267,26.911848143142223
660,-21.65188249448327,-66.15770123448117,3.52780506990835
661,-75.90593131305648,6.007603293160784,17.465089015113488
662,-56.898049201738914,3.630673741729524,11.404357411306773
663,-14.588172463950126,-60.987303249038305,22.533697554166828
664,-0.13925003887920795,-76.75504624922316,34.615179897749485
665,-70.08128858894675,6.067304504982658,11.272707985840627
666,3.0404274850281077,-52.64629878908097,27.898388855018382
667,-7.827131727267851,-64.61175554427128,34.69604350538004
668,11.044743775521358,4.775118370239554,7.934311215018297
669,-3.2872343461417977,19.123283160180037,12.40070780755865
670,-34.931189388216666,-28.328157226769648,10.370917544598726
671,6.615213621839434,-39.62948891180626,2.2971745724908548
672,7.968757528848943,-0.28963517633070524,1.408595659221449
673,10.477064130111774,-34.10370474575167,33.76293576599098
674,-62.344992198082295,14.527132656578573,11.473616666803899
675,18.508183879146845,-22.63035964565684,20.808760375768934
676,14.465686565731819,11.979592820244022,13.472718911519504
677,15.739883162430278,6.876681769791588,1.3481861943698306
678,-64.0238040112762,-10.94950665743798,29.5590979611666
679,6.544517998754618,2.9908746710587195,26.535369696021238
680,17.162825417905356,-70.61909789423011,21.508665855406203
681,-39.51616709698881,10.232085610307365,30.581910407794428
682,9.93222929993495,18.6394889252863,25.64226592777741
683,-0.9065742970761725,15.48961317964131,31.80801471457501
684,11.705498489418591,-5.387333954454178,33.32874597926385
685,-18.138143052401443,8.758244708810892,18.50545948152165
686,17.446230212726466,-1.6663765000167956,19.66094925352897
687,-9.019535973887184,-59.31835768905434,28.669106077588022
688,-30.478982033733228,14.105868641656912,24.510824940783447
689,-33.5031102060874,-45.914840809578465,3.8558780486655024
690,-69.08673598845978,-0.9752351888168533,17.217092374144663
691,-71.93297864176547,-3.2602256264058127,29.767624356365467
692,-48.77684265517003,-17.9037379133661,4.2024542839535535
693,0.9431740563100739,3.2568002634484827,31.43215853140832
694,-2.1190132820422996,7.829737369690733,31.26336774627991
695,-25.175054866495696,14.704858750738836,24.732298887665458
696,16.37457637860884,9.008874653260648,0.7305495597688907
697,1.844483728537984,-56.53725758983286,15.36245893869409
698,-69.6710080995202,-14.311614637411267,29.61780308235908
699,14.14178912388984,-63.568454263315644,8.944492102793458
700,13.334874447339832,-1.556935466518226,26.853951327424173
701,11.718663288792687,-60.37501218410763,27.98298706045519
702,-1.5625307404184632,9.339733962821242,13.751986644287886
703,-30.392231029242037,3.812148649760644,24.41638266156493
704,7.311743432436135,3.540699358731729,1.420044635660748
705,15.466636391562378,10.11796364990711,0.8307915802967436
706,23.157593967816997,-34.965238840888006,14.853782197743518
707,-61.55128097686786,-0.27554110958725175,30.053429332416215
708,-48.792689566952745,20.373717495309307,24.275006965125716
709,7.958327056474065,15.43482775302293,19.546175463426096
710,17.18589971481966,-22.032231181652364,33.68190294130818
711,-58.39672802606056,-9.79203820634396,10.563003424567869
712,12.859815773889142,8.927137308070272,13.491814968047397
713,-26.109767345184803,4.45505954742201,12.127277092890505
714,-70.51722328723402,0.0900025010520693,17.166282877977256
715,7.568407151741571,-54.23464654798495,9.050615672985696
716,-32.63216885018042,-48.6131699893475,3.92217300273977
717,-0.6177472761024596,-74.29559200517942,28.342612238140454
718,13.413188769964979,-63.54803887277701,27.823491207337344
719,2.705219214722792,-8.843528662910458,20.59253770238944
720,1.6227579462257218,6.925340440475125,12.43979968220858
721,21.701139067341035,-36.87573520127428,2.3680731401166284
722,-20.583100022386486,-59.477774925125416,22.46715570415371
723,12.17916258545937,-38.77157112962455,27.58002428308224
724,6.642036688872583,10.65434546117038,0.5906594848530169
725,3.5784231244367284,6.819824011681575,0.9730315986748757
726,0.4734009606985019,7.8661106270737235,20.060699498384757
727,-69.02469332585117,0.6090704123400315,29.69708477446212
728,-25.103148648554946,-27.066232564485844,22.805690841558413
729,5.906000230150415,-59.257617510193555,15.388535188430517
730,2.741059508695475,5.935096231515928,32.58458907555372
731,19.23672473137255,11.5530574900596,0.8548485605424592
732,13.425707633798527,-60.39189737552188,15.542604638405484
733,-73.52064439859227,1.5791208133506416,23.342545543729614
734,-55.67245064718732,-0.7524694594318504,17.757086721916828
735,4.940301772798609,5.166482398295329,8.07276892158896
736,-44.954521634156876,-36.009734248445355,10.369511793154985
737,9.047742985424623,-65.36891969006781,9.158729283041302
738,-44.27116558588749,8.810975059388127,30.778487656482596
739,3.3619031672272577,-21.553659221182116,8.294288939239369
740,15.059533660836411,8.814331771982793,19.530027071871853
741,-34.56653801795436,-44.681326170554925,28.993023073042785
742,-14.667388992535546,11.349530121296226,31.199406025115778
743,-27.295410587203474,3.9093756606701078,5.695058692575298
744,-44.2304955205702,-27.913585150081865,3.996219158552698
745,-17.82359016717133,18.718976897229254,24.64244754364795
746,5.258137284557183,15.041780767290462,31.81523856914704
747,-11.511875376752624,8.77744980457858,24.927989335655766
748,13.37864431917497,5.916540030732065,20.13410657217314
749,1.293290041234929,-0.5418833810258832,7.802765347175004
750,8.080771224188954,12.197818279360035,12.913859907662975
751,-49.97143694167325,3.2754794470139217,30.447021058291657
752,-2.93925285039931,20.395142413458004,12.49473366311978
753,17.91451904026984,-46.647809804781346,8.780086531474513
754,3.2614501736533903,-11.325660305113402,8.23074507183745
755,2.430795145301847,0.22752675937825018,25.812356158342812
756,-19.0788213471268,-53.22558374764647,16.21738252846671
757,9.719878262291065,-18.12607865234783,14.631346865233075
758,3.8543401760064917,-3.0288142192226104,6.164364492329627
759,-42.865263952304744,12.096294312314768,30.640287320963704
760,-22.91914566982926,-42.50633195974977,22.572497531505125
761,-31.35535652328252,0.8075960528142048,5.622719707535936
762,-53.718445217845414,-14.68086563675999,16.853997365989134
763,0.3968066088569522,8.421120202179026,32.268870186106
764,-3.0881747899550014,-26.418610889394458,33.835546081277435
765,8.816872238390449,11.08975894919034,12.98478869426475
766,-25.782253341331437,11.233969157279418,5.618355148533398
767,-38.11306837237065,6.35097812539864,24.446863060028257
768,6.031283285027786,9.770610480427536,13.424885028587228
769,-54.1827137855892,-31.7017602335453,10.361734428423972
770,1.3669237971836772,-51.41414790389895,15.19604471002977
771,3.949284803861179,-50.60268295514551,33.99934392923748
772,10.324360005745365,-19.541297312789098,21.09509877693911
773,-60.91146429922104,9.484701065981533,5.32333282409685
774,-15.2908388000299,10.970274708432129,12.001642021108527
775,15.946349678185772,12.720821094648713,19.516070269993897
776,6.604994263204919,5.083615381017779,0.9812337536271265
777,1.1188748524169974,-64.94537284986377,34.36949005072002
778,8.286969395722696,-46.959752794515296,27.535354755511932
779,-29.296869785823827,1.5234317050755948,12.050523040318122
780,-50.90625183490748,6.558400844228785,30.527568555457496
781,12.61756289942669,9.488747375720038,6.609937337922402
782,12.54041506682093,14.488650313185857,19.2964860182688
783,-46.82343584409897,-16.81363487572021,29.269788756063562
784,4.960654384213019,13.360224533606399,25.649508262029265
785,-36.11879345077686,21.855653859119045,24.374755668136423
786,17.255711776527097,-44.05166029200093,21.213252729259043
787,7.7601858970052895,-67.03670223915846,28.178349929704268
788,-8.906762774853103,-74.13358266686096,28.645845473088333
789,-65.05231350418627,7.587438879224649,5.194808967035252
790,7.69216785589477,-0.25079292304198475,1.2157685209125173
791,-38.93159415957278,-44.176255374499874,10.170650516714364
792,3.8157302566673543,-64.68626321961476,9.066186873272883
793,16.914385145307353,9.28296593929339,13.556165718738008
794,-46.5435863698721,-27.709417545320733,22.870551928519465
795,-31.690056935214283,-54.473911475533896,22.552022871079433
796,11.04499482594709,-50.433473945899664,2.6518987831157883
797,4.82053988465977,-63.7501645914128,21.48841283229214
798,4.912054353780494,-67.61756758395046,3.2160011161317055
799,2.3277020744526347,-68.35166897295012,9.483199569458442
800,8.714326604040838,-27.675562722796357,27.308026983403323
801,-34.745370819074694,9.781458820523412,5.372450676457257
802,2.396098654358088,-0.5975646204735909,31.44588481166518
803,6.602124467316759,4.059633151326281,32.57860555816819
804,-0.7260574672967657,-55.14728815385992,34.16027678855674
805,20.185346098862414,-0.2792618677830916,1.6089784808899452
806,-0.1756306587886165,6.4382774717912525,12.938494933323463
807,12.185854012381203,11.058689530461052,19.51354484934264
808,11.945436117164565,5.08190468352673,19.55149709526038
809,-21.822163403116885,-69.36374818288017,9.75942374197891
810,11.866305661640514,-51.94189099652148,8.841781768697437
811,11.47082447421754,7.615755220888204,32.14130855937776
812,0.5225918809267576,-43.33060836786569,2.6298403178008147
813,-0.3141517420073505,18.44059277111451,25.021326996071593
814,-59.199153654986944,2.6100015924067463,4.635710008534534
815,-11.863418190005856,-64.2476492147053,9.62943844575043
816,-63.26545782263787,11.239265607083325,11.454623334443749
817,4.342539824410839,-55.63490569874478,2.5674686625119776
818,-11.369958992164936,-62.62287766141448,28.528622846809412
819,5.2846032174457385,-43.6734927149551,2.393973985818759
820,3.5045940408199563,-2.4344483989978585,20.21876027090709
821,-11.215838435859535,8.274940173602346,5.955479787486022
822,-11.115832809956412,11.684299072122428,12.37395982052143
823,-10.399310161339525,14.431257970419338,25.169472278436587
824,-20.07170954755524,8.609534935050547,11.967040316906862
825,-25.60245660152874,-50.6205686015017,10.129458632618228
826,-40.67893209092075,9.513315068674004,24.30547278607542
827,-63.1968370142787,-22.128359541222025,23.182479569189
828,5.427483565525723,-40.31201025544051,15.082491331038543
829,-12.782555300906207,-56.196898524192136,3.6365422655050548
830,4.4497503879406,6.905676556739536,1.2427824872397686
831,2.6890355769064236,11.48047866607007,6.185435066524427
832,15.309022733822491,-47.633807751685325,8.822484044223867
833,-2.5101594933783353,14.14203672133921,18.729102929221778
834,-17.900217861577286,-55.028689376311064,3.7824088617868217
835,-39.41663398056241,-34.899859896524234,3.9467051990441373
836,4.223536849937393,11.798893312968687,25.881074661251212
837,11.335857787303855,-4.520121577412411,8.0163838348277
838,-0.4669768891975359,18.014523898705008,1.2666463266394743
839,4.813596302139235,-53.419496260360646,8.965317022407845
840,8.09131299179926,-54.605902781845444,15.152758227619705
841,-26.150555611785858,16.675237229932122,18.416758813528272
842,7.181061095130378,10.25177512003171,13.154721583094485
843,14.975754127873717,1.7743506472103405,14.263781355132895
844,2.685200052724742,8.127625907774686,1.1503193076774014
845,0.23014676768513098,-45.01069456463837,33.807782602327514
846,-72.13006018940938,8.715094062891069,23.76066839669214
847,15.390199365024802,10.665372871423571,7.184158542653079
848,-30.19922503896832,12.559069387197738,11.871615762480939
849,-9.944746344453659,9.997605614533725,31.136876175035052
850,12.108616880821007,-12.702438805997375,8.377992677533042
851,7.137626581520426,-4.5880246655708135,33.21803749389246
852,4.844203266387144,-36.11051103569632,14.855250916710776
853,-73.1122229867017,-12.48536540579731,11.058576684009822
854,8.07059759245529,-4.901299554364229,14.41171330506345
855,-45.585791201896214,11.342239033213374,5.403006203781718
856,0.4571194472240059,7.814602437324652,26.451292508186853
857,-71.28073430380023,-17.443711345041592,16.92162945899739
858,-8.96678951536698,9.96403290788271,24.833433172730473
859,6.5843588389030465,7.2925889900387375,25.26749094651832
860,-47.363825573973486,-27.588207172330172,4.124619730058914
861,-52.98356337678966,8.153049364366993,11.621689438081326
862,-69.04047093697208,6.9704973166529385,17.53320559090834
863,4.071159020683002,-69.77731984854238,9.479389390633337
864,6.62633733995408,-67.65775835433998,9.321382541560641
865,-35.70103124318901,-33.03269488759018,10.17196841576563
866,-28.515834053986264,4.903902488354817,30.799530907015463
867,14.533842705717422,-5.070132541271633,14.477973321445146
868,5.96873751203103,-53.49980152875841,2.622415220745074
869,0.3184008790118078,15.410100689901157,6.359852288193851
870,-5.852014406178977,-67.83375844839298,3.1539307834922994
871,-2.111027707929207,-63.916972259740206,15.497091752787787
872,5.928601966904541,3.144878635498358,1.4880393694696235
873,-0.009000816626109298,-50.1874922970746,21.159888927975615
874,9.422545202630392,14.680425986634361,7.04745019322605
875,8.101940983070069,12.614387243539127,19.09248837776502
876,4.831377166882948,-25.05571905831887,21.105573702628984
877,6.07466692853264,10.328254425296947,6.582380282575405
878,-55.87910361547016,-10.925370853819672,23.26063964981831
879,6.564329761927315,-72.17666276557681,28.21741395120179
880,7.956340118429541,10.11697516958381,7.5255391835344545
881,10.771308454999332,-4.814287340693866,14.130316409677468
882,13.611757186283473,-4.990904343430444,7.932500334895016
883,10.134228749251424,14.868580703806444,32.40080404322424
884,12.20675819734706,-69.87175355439965,3.032387761355661
885,-22.01731000260227,-46.31178336467538,16.210263626663565
886,3.6152833983130854,12.822232385142911,31.984054191657812
887,9.741449856029323,-57.85267024986025,27.867851248537065
888,10.365315276456574,2.648018560142461,14.11199183705671
889,-16.360143236040823,-57.91541125611538,34.922817802783555
890,-8.256694759903137,-66.31404164428808,28.523507246266256
891,-0.6451289962163109,1.7197686650509638,12.372027831268182
892,-52.09406080962982,-14.706119285959218,29.530605909600308
893,-35.88087821070509,-35.348778948847794,29.172616155856595
894,-19.474714083098615,-64.91695916485581,22.443801602100987
895,14.061149940337277,-1.593087129834771,32.6679317886217
896,16.036587051197348,-0.15846208935299444,26.79110083802619
897,-7.377732145299813,7.417495016785438,18.877324509351386
898,2.1954047768137066,-67.74080969968422,9.144167188754507
899,6.844108685251928,-70.12703196226552,34.172543210309634
900,8.340590512439707,-64.33822711625034,34.19012863176702
901,0.14700539632118037,5.0088217344883645,13.820030260549245
902,3.4625168471754257,-63.97854418090874,15.498155018803525
903,11.736540317279111,14.098768224967088,32.40840853560338
904,-18.86861050392643,7.072587955422392,31.1537550595417
905,-11.550605218857964,-63.729297006487215,22.435892825849024
906,13.483774160578793,-41.50055232496375,8.720781166639682
907,-53.730291523413044,11.59717363404988,17.85373676931134
908,6.405873404911137,-64.6068351518095,27.966365176970363
909,11.807150507816022,0.9789404438009655,1.5601499003700763
910,-73.40101640869716,-11.309328395917078,17.308180389085297
911,2.8691562818524012,-71.90548535026689,34.60449177089256
912,0.8339023456748471,-43.999458423294996,27.690273274340033
913,-30.352693853724485,-52.10568295586191,10.1661244023609
914,-1.3769485956577618,3.5192516465940145,12.35513717331471
915,14.78054085600441,9.245734357453259,19.139473345269337
916,-27.99002394244722,-49.29783701225077,22.49802860952293
917,3.49574092514543,-1.6341718247398092,1.4271110936669125
918,-31.03503570135238,14.909378201925236,30.687437746571362
919,-76.69338689104096,-1.2940000261816778,10.88929325327605
920,6.9296259527431125,-67.73221860530579,15.443544999071241
921,6.482801662271601,8.622699342170648,7.164360704236304
922,6.393659697944674,-78.37968495983269,28.25430458067983
923,10.483298386775463,-52.76624762473648,2.628133648780606
924,11.423041451820684,-18.734542019737276,33.47160633162942
925,-38.47375804224099,-32.12862385781672,29.09527275025704
926,2.517297374256561,5.34943745914741,6.684280179465306
927,-0.5209318413501869,-69.2545717930832,15.815181364620845
928,-16.724399802513783,-52.088277659981,9.839418058755612
929,15.752253612200622,8.658740570048323,14.109954752267628
930,4.840816093466135,-8.490113221736564,14.109706725761773
931,-77.2955807942267,-3.2732112698191003,4.709193000648021
932,6.404334830224418,9.022416517442025,6.564524307355512
933,-38.17758618654433,-34.14851078743909,3.957105836736682
934,14.631805285155185,10.484291058631243,26.29778482396459
935,-45.506259509220484,-26.53213463351031,4.083376584071528
936,2.3969276439176106,-28.252876748521274,27.30684830082094
937,-37.007320234097605,-41.98434404103749,22.683350607029382
938,-23.467164557743796,-53.4930201425674,22.318851334783297
939,14.400217934549762,8.57216024677588,13.425645979960468
940,-23.32704518593088,11.394309283581734,5.686784702020619
941,-65.54415776126804,-14.033722810063509,23.409953999029398
942,1.2572478144781662,6.1854052543929186,0.6135876855552294
943,-46.2535571148468,-36.262132732285,22.628289685101084
944,5.72428026938606,6.53401344332751,25.61026254434737
945,-35.07803042913237,-33.91615074955807,22.713753892170267
946,-61.96140009873314,4.398997322848544,17.71944985545084
947,-0.06401526374012789,12.429270520659244,12.674059749400127
948,-70.12364871973888,4.757108535224859,23.771106146278687
949,13.851179102289581,-35.716721425672134,21.37513293805784
950,-49.1200879938506,-15.932867079117273,4.2277348371772465
951,-64.56392866207234,5.636396613324806,17.219075945370577
952,-74.75335301526395,-6.441022240721381,17.297011495216292
953,-6.9304039965505915,-69.38550903396431,28.349534797071502
954,2.853311181529609,13.889801441280909,26.736287254392423
955,-45.91333351439751,0.16968952283720284,30.475280431770187
956,-68.10711449518867,3.9215501636666232,4.743940227246096
957,-24.328637864521365,-52.922739214329894,9.950304142301519
958,-1.1680107634491996,-67.59502868258069,15.442827256650894
959,-10.062982339515127,4.695540062329911,25.031339786123155
960,-81.34889279330928,-11.445220253777208,29.638561053159883
961,11.884069427995616,0.4454784484359635,13.55981506399176
962,-56.44544697920266,5.840348919216737,17.76566509257433
963,-58.05382682616079,13.49814467467995,5.064792410782729
964,12.622895706236381,-24.50005594374157,20.967959836637117
965,-67.31393420444549,-10.253781411190502,29.73750657249384
966,-73.78060209213673,-1.3973795767065127,11.043956177144638
967,1.264631002790697,-10.402118183661159,33.43429559195794
968,9.01777558213782,-67.94323842405215,9.284683377727944
969,5.844802319014054,15.910962684503573,0.5245159515127629
970,12.902677622085736,2.750143369928381,7.62945089889497
971,7.6880231110617565,-57.75933208318726,9.035605868369831
972,3.1605814858486703,-70.83788923357888,3.090140866440077
973,4.171711124614394,-50.311778320646695,34.05853711744646
974,-53.22933085036986,-25.73451001239826,29.175713197136602
975,6.550873806340366,-0.6835859104245259,14.047056884484538
976,-54.3945605510622,5.0366426373673505,10.761570275586134
977,-41.9439905999583,8.058100959225769,30.613402228813033
978,2.5379784823345126,1.318693271926577,6.818903413274624
979,-28.485030084132273,4.463563839432183,18.30730547730601
980,11.214858385893184,-48.60286229136193,2.5393893300105077
981,15.33884238481274,11.955258824833123,1.2813480398776207
982,7.569589573060899,-45.79707781398882,2.4775790914518243
983,-23.931564737441402,-60.11919545279953,28.834886566212866
984,3.564726720058321,-66.74458325237619,34.78449079317073
985,-53.92626598914994,3.3001341194295435,11.246477750924136
986,-24.32336836661788,-55.38382211595673,28.851096583282654
987,9.270197531383065,-32.57300495795316,27.407908059519464
988,-47.22453684124183,4.268186213038845,17.981110623483183
989,0.9680214292360922,-69.09858996601965,34.61753934654497
990,9.593039758900279,3.9207892749254256,26.387061309523702
991,-67.25768658241006,-18.818047573331057,10.743669865943666
992,-1.0410416143691172,-55.31088518142106,2.761649662378943
993,3.959491841275753,-16.593048068096877,20.8102704905248
994,-44.43102303781173,9.544232753421568,17.794365454532507
995,-21.74545517701254,10.048949517755517,24.37988046544684
996,15.45991476639161,-40.99852395840897,27.583516396174932
997,-36.15848405636477,13.137376515944425,11.741911903686526
998,7.335484575867088,-53.50738156906782,2.7457367964905917
999,5.475644705001333,-63.27841476523635,28.059812865663257
1000,6.090566399377696,8.339272195413187,12.951150608291304
